"url","title","description","image"
"https://www.thetimes.co.uk/article/ask-james-dyson-jfrhm8nchzg","Ask James Dyson","Jacob D asks: Ever since I was a child and received my first science set and a small book about past inventors, I have always wanted to be an inventor. I’ve had a fascination with energy...",
"https://www.netflix.com/pt-en/title/80988062","Black Mirror: Bandersnatch | Netflix Official Site","In 1984, a young programmer begins to question reality as he adapts a dark fantasy novel into a video game. A mind-bending tale with multiple endings.","https://occ-0-2268-358.1.nflxso.net/dnm/api/v5/rendition/b708981dc6520758139a4bc8e4d271c113cf863c/AAAABYDaZIrQjWwjWSiZPgUENRZ_KCFeIF4WE4t5YC4gBSd9WILZcSatQ6ZbRrSzf7q_OWh96-pWW_ha4m4vNGgaVXPdpaRLDrSgjefLKDDKpaJcc_CfAjx4jGreG_N0GVoogBx4_42xK9c6ZhgULgwl4U-GM7h5w5lDV3atK-TiLL2wfrMZRAa94Yn_Qw0YffZCBEDlbImaQw.jpg"
"https://www.news.com.au/lifestyle/food/drink/cocacola-launches-new-adult-drink-that-mixes-coffee-with-soft-drink/news-story/b6fd65b314ea2c92ced28824b47df549?utm_source=DesignTAXI&utm_medium=DesignTAXI&utm_term=DesignTAXI&utm_content=DesignTAXI&utm_campaign=DesignTAXI","Access Denied",,
"https://www.walmart.com/cp/1908812?u1=IS,SofADaVergaraJustMadetheUnder-$40JeansYourButtHasAlwaysWanted,lreilly805,FAS,ART,3417806,201902,I&oid=645206.1&wmlspartner=93xLBvPhAeE&sourceid=29947390703266111865&affillinktype=10&veh=aff","Sofia Jeans by Sofia Vergara - Walmart.com","Shop for Sofia Jeans by Sofia Vergara at Walmart.com. Save money. Live better.","http://sphotos-b.xx.fbcdn.net/hphotos-ash4/229244_10150189115584236_162217_n.jpg"
"https://www.kickstarter.com/projects/67420768/mim-x-the-first-smartwatch-with-invisible-display","mim X - The first smartwatch with INVISIBLE display","Powerful smartwatch with TLD technology. Embrace modern smarts without compromising classic elegance.","https://ksr-ugc.imgix.net/assets/021/019/776/2b61a478a6357b9db358b7f80c18549c_original.png?ixlib=rb-1.1.0&crop=faces&w=1552&h=873&fit=crop&v=1524713082&auto=format&frame=1&q=92&s=640eb0c6ddf82a53c157710e6e488ca2"
"https://www.jnsq.com/","Forbidden",,
"http://fortune.com/2016/09/22/pepsico-restaurant-kola-house/","http://fortune.com","Fortune 500 Daily &amp;amp; Breaking Business News ","http://fortune.com/img/misc/og-default.png"
"http://www.skippingrockslab.com","Skipping Rocks Lab","Ooho! the edible water bottle",
"https://www.ebayinc.com/stories/blogs/tech/interactive-visual-search/","Interactive Visual Search","Interactive visual search with user feedback helps buyers find the perfect item and while enjoying the exploratory journey.","https://static.ebayinc.com/static/assets/Uploads/Blog/Posts/_resampled/ScaleWidthWyIxMDI0Il0/Figure-5.png"
"http://www.ynap.com/news/net-a-porter-mr-porter-announce-enhanced-personal-shopping-services-for-top-customers/","NET-A-PORTER & MR PORTER announce enhanced personal shopping services for top customers | YOOX NET-A-PORTER GROUP",,
"https://www.businessoffashion.com/articles/bof-exclusive/inside-farfetchs-store-of-the-future","Attention Required! | Cloudflare",,
"https://www.youtube.com/watch?v=IIW3l-ENHdA","2018 Super Bowl “Tide Ad” Commercial Compilation","Here are the links to the original videos by Tide I do not own any of these videos, they are all owned by tide https://www.youtube.com/watch?v=doP7xKdGOKs&t=...","https://i.ytimg.com/vi/IIW3l-ENHdA/maxresdefault.jpg"
"https://pay.google.com","Redirecting...",,
"https://www.amazon.com/Dash-Buttons/b?ie=UTF8&node=10667898011",,,
"https://www.standardcognition.com/app/","Standard Cognition - AI-powered checkout","Machine learning meets retail. Shop without waiting in line.","http://www.standard.ai/assets/standard-cognition.jpg"
"https://www.finery.com/","Finery","The world's first operating system for your wardrobe.","https://res.cloudinary.com/ffinery/image/upload/v1/Site%20Images/Asset_Updated.png"
"https://www.miele.co.uk/domestic/1563.htm?info=200107190-ZPV","WiFiConn@ct - Washing machines",,
"https://digit.co/","Digit","Save money and pay off debt, all without thinking about it. Try Digit free for 30 days.","https://micro-cdn.digit.co/images/fb-share.17031c5c.png"
"https://www.munchingmongoose.co.za/","The Munching Mongoose - Fresh organic and more | The Munching Mongoose","Helping families live healthy and happy lives. Spend more time with loved ones around the dinner table. Home delivery of fresh and organic produce","https://www.munchingmongoose.co.za/"
"https://www.thebodyshop.com/en-us/about-us/against-animal-testing","Forever Against Animal Testing | Cruelty Free | The Body Shop®","We at The Body Shop are forever against animal testing - help us to convince the government that product testing on animals should be banned in the USA.",
"https://www.thehersheycompany.com/en_us/whats-inside.html","What’s Inside | The Hershey Company",,"https://www.thehersheycompany.com/content/dam/grayscale/logos/logo/HERSHEYS_logo_primary-EBU_2014.jpg"
"https://www.whatsinmyfood.com/","Home",,
"https://www.food-interrupted.com/","Food Interrupted by Panera ","Food Interrupted, from Panera Bread, is a series about rethinking our food choices, and changing the industry from the inside out. ","https://static.wixstatic.com/media/164d1c_34da9fff090b4cb0b86ceaffd3006f1e%7Emv2.png/v1/fit/w_2500,h_1330,al_c/164d1c_34da9fff090b4cb0b86ceaffd3006f1e%7Emv2.png"
"https://www.newscientist.com/article/2190259-ai-created-images-of-food-just-by-reading-the-recipes/",,,
"https://www.youtube.com/channel/UCGYyLEdGEQjVVfwlzOB5Kng","Worten Wortubers"," ","https://yt3.ggpht.com/a-/AAuE7mBzLvB6Im_rSuK6yy2qbvTKqxRFuXhrUdIHrg=s900-mo-c-c0xffffffff-rj-k-no"
"https://lrmonline.com/news/keeping-up-with-animation-trends-through-pixar-university/","Keeping Up With Animation Trends Through Pixar University","  Have you ever wondered how Pixar animators are able to stay current on animation trends despite working on one project over a long period of time with incre","https://lrmonline.com/file/2018/06/b6b.jpg"
"https://www.thenational.ae/business/economy/carrefour-s-new-school-will-train-2-500-managers-for-the-digital-age-of-retail-1.821752","Carrefour's new school will train 2,500 managers for the digital age of retail","Retail Business School is designed to boost customer experiences and lower prices","https://www.thenational.ae/image/policy:1.821746:1549351030/image.jpg?f=16x9&q=0.6&w=1200&$p$f$q$w=70c86c9"
"http://www.carrefour.com/current-news/carrefour-drive-opens-a-first-pick-up-point-on-a-technology-campus-in-belgium","Carrefour Drive opens a first pick-up point on a technology campus in Belgium","Carrefour Drive opens a first pick-up point on a technology campus in Belgium","/sites/all/themes/carrefourcom/images/Carrefour_logo_158x197.jpg"
"http://www.gifts-today.co.uk/news/carrefour_launches_afterwork_pickup_point_for_belgian_office_workers.aspx","Carrefour launches after-work pick-up point for Belgian office workers | Gifts Today","Lema Publishing",
"https://www.roam.co/business","Our Business Offerings | Roam Coliving","Available in San Francisco, Tokyo, Bali, Miami and many more soon.","https://www.roam.co/images-og/home.jpg"
"https://www.theassemblage.com/","Collaboration for the future of humanity - The Assemblage","The Assemblage provides coworking, coliving, social spaces and natural habitats to those exploring the evolution of humanity through positive impact. Welcome to the age of assembly.","https://www.theassemblage.com/wp-content/uploads/2018/07/ta-share-img.jpg"
"http://www.geltor.com/n-collage/","403 Forbidden",,
"https://www.poulehouse.fr/","Home","Concept novateur et respectueux de toute forme de vie, Poulehouse propose le premier oeuf qui ne tue pas la poule avec un mode de production sans abattage.",
"https://www.undercurrentnews.com/2017/07/28/tesco-collaborates-with-turkish-bass-bream-farmers-uk-processors-on-new-humane-slaughtering-method/","Tesco collaborates with Turkish bass, bream farmers, UK processors on new ‘humane’ slaughtering method","Turkey’s largest bass and bream farmer Kilic is currently testing the new slaughtering system developed by Tesco and will kick it off soon for 1,000t of production
","https://js.undercurrentnews.com/wp-content/uploads/2013/12/TESCO-300x204.jpg"
"https://www.thequint.com/lifestyle/life/ariels-share-the-load-campaign-gender-disparity-video","This Ariel Video Shows You How Change Begins at Home","Are we teaching our sons what we have been teaching our daughters?","https://images.assettype.com/thequint/2019-01/1f07facb-6e75-481c-915b-c12c6a7eac4c/ariel.JPG"
"https://www.youtube.com/watch?v=26qmJzTCRG4","NOTHING BEATS A LONDONER - NIKE AD (TONE P & MARK RONSON FEAT. PROD)","Check out this Nike Ad as our record with Giggs prod. by Tone P & Mark Ronson is featured in this new Nike Campaign for London Athletes & Entertainers. @offi...","https://i.ytimg.com/vi/26qmJzTCRG4/maxresdefault.jpg"
"https://edition.cnn.com/travel/article/aeromexico-dna-discount-travel-ad-video/index.html","AeroMexico's new 'DNA Discount' ad goes viral","AeroMexico, the country's national carrier, unveils a program called ""DNA Discounts,"" which offers airfare cuts on flights to Americans who can prove they have Mexican DNA.","https://dynaimage.cdn.cnn.com/cnn/w_1200/http%3A%2F%2Fcdn.cnn.com%2Fcnnnext%2Fdam%2Fassets%2F190117170259-01-aeromexico-dna-ad-super-tease.jpg"
"https://www.uber.com/en-CA/blog/biggame/","Uber BlogUberLanguage Chooser IconLocation iconSearch IconSearch iconSearch IconDrive with Uber IconRide with Uber IconUberLocale Selector IconLanguage Chooser Icon",,
"https://www.youtube.com/playlist?list=PLtF-ZfyeXJcew2fYXmaLEdggPdKdjn7kL","MAKE IT WITH IDRIS ELBA - YouTube","Whatever you dream of, make it a reality with Squarespace.","https://i.ytimg.com/vi/gD-yffxKvMM/hqdefault.jpg?sqp=-oaymwEWCKgBEF5IWvKriqkDCQgBFQAAiEIYAQ==&rs=AOn4CLAnjXIbiiUiIT8LmEGoTLpOcs__3g"
"https://www.adweek.com/brand-marketing/story-behind-one-most-beautiful-real-moments-advertising-158478/","Sucuri WebSite Firewall - Access Denied",,
"https://www.functionofbeauty.com/about/","FAQ's | Function of Beauty","Frequently Asked Questions | Function of Beauty",
"https://prose.com/","Fresh & Personalized Hair care - Prose",,
"https://www.skillshare.com/","Online Classes by Skillshare | Start for Free Today","Skillshare is a learning platform with online classes taught by the world's best practitioners. Personalized, on-demand learning in design, photography, and more.","https://static.skillshare.com/assets/images/logo-1200-630.jpg"
"https://www.udemy.com","Access to this page has been denied.",,
"https://www.bizjournals.com/bizwomen/news/latest-news/2018/06/craft-retailer-joann-tests-new-store-concept.html",,,
"https://www.hyundai.news/eu/technology/hyundai-motor-group-ventures-further-into-new-robotics-industry/","Hyundai Motor Group ventures further into new robotics industry","Hyundai Motor Group has ventured further into the high-value robotics industry of the future by commencing development of Hyundai Vest Exoskeleton (H-VEX) wearable industrial robots.","https://www.hyundai.news/fileadmin/eu/technology/20181022_hyundai_motor_group_ventures_further_into_new_robotics_industry_of_the_future/hyundai-new-robotics-industry-oct2018-01-1610.jpg"
"http://www.lowesinnovationlabs.com/exosuits/","400 Bad Request",,
"https://news.samsung.com/global/video-meet-the-samsung-bots-your-companions-of-the-future","Access Denied",,
"https://www.marksandspencer.com/c/food-to-order/adventures-in-food/plant-kitchen","Plant Kitchen | M&S","Shop the latest trends in Plant Kitchen at M&S.  Order online for home delivery or free collection from your nearest store.",
"http://crussh.com/powered-by-plants","Powered by plants! - Crussh","Health, Fitness, Fit Food, Raw Juice, Juice, Delivery, Protein, Vegan, Food, London, Cafe, Health Food, Healthy","http://crussh.com/wp-content/uploads/2019/01/Powered-by-plants.jpg"
"https://www.tesco.com/groceries/en-GB/zone/wicked-kitchen/","Wicked Kitchen","Wicked Kitchen is a new, bold and innovative way for you to experience the power of mighty plant flavours unleashed. Wicked Kitchen is a radical new concept developed by pioneering chef Derek Sarno, in collaboration with Tesco. It's about putting plant-based food front and centre in a creative and amazing way.",
"https://www.nutrinohealth.com/","Nutrino",,
"https://www.startup.si/en-us/startup/151/vinegar-and-ketchup-as-innovative-functional-foods","Vinegar and ketchup as innovative functional foods","By adding antioxidants, co-enzymes Q10 and natural sweetener stevia, the company Apis-Vita transforms products such as vinegar and ketchup into innovative functional foods.","http://www.startup.si/img/Izdelki/Opis-produkta_foto-kolaz.jpg"
"https://www.bloomberg.com/news/articles/2018-11-05/senior-citizens-are-replacing-teenagers-at-fast-food-joints?srnd=premium","Bloomberg - Are you a robot?",,
"https://www.apyball.com/","apyball® Bio Energy Balls","A apyball é uma linha jovem e moderna de snacks saudáveis simples, autênticos e conscientes.  Feitas a partir de ingredientes crus, naturais e biológicos, isentos de glúten, sem açúcar refinado e sem lactose. Pertencemos a uma nova geração que luta por um futuro sustentável, saudável e ecológico. ",
"https://www.warbyparker.com","Glasses & Prescription Eyeglasses | Warby Parker","Prescription eyeglasses starting at $95. Find a new pair today with our free Home Try-On program. Fast, free shipping both ways. For every pair sold, a pair is distributed to someone in need.","https://i.warbycdn.com/v/c/assets/social/image/fbopengraph/0/1517ab2f62/1200x627/0ca6.jpg"
"https://techcrunch.com/2019/01/29/facebook-project-atlas/","Facebook pays teens to install VPN that spies on them","Desperate for data on its competitors, Facebook has been secretly paying people to install a “Facebook Research” VPN that lets the company suck in all of a user’s phone and web activity, similar to Facebook’s Onavo Protect app that Apple banned in June and that was removed i…","https://techcrunch.com/wp-content/uploads/2019/01/facebook-research-vpn-project-atlas.jpg?w=711"
"https://brandless.com/","Better Stuff. Fewer Dollars. It's That Simple.","Brandless creates high-quality stuff at an incredible value. Get everything you need for the whole family and give back at the same time. Shop & save today.","https://brandless-marketing.imgix.net/social-sharing-shelf.jpg"
"https://atap.google.com/jacquard/","Home – Jacquard by Google","Simple, seamless connectivity woven into your everyday essentials.","https://lh3.googleusercontent.com/AGvz02WyfWeBkTNdxFHOcvqSjatETqXcP1NLp61jyMAaDSSdv8SYgWyPvrOVZn5caY9aQ8WFDQs8oJCkycOs=w1200"
"https://driving.ca/bmw/7-series/auto-news/news/how-it-works-bmw-gesture-control","How It Works: BMW’s Gesture Control","Hand gestures join steering wheel buttons, dials and touchscreens as yet another form of control","https://postmediadriving.files.wordpress.com/2016/08/bmw_gesture2-02.png?w=600&h=315&crop=1"
"http://digitaldetoxholidays.com/","Digital Detox Holidays and Hotels","Since you became increasingly addicted to your devices, we have been selecting hotels that are offering detox holidays to help you de-stress.",
"https://www.adweek.com/agencies/hulu-reveals-the-strategy-behind-its-partnership-with-instagrams-viral-world-record-egg/","Sucuri WebSite Firewall - Access Denied",,
"https://allbulkfoods.com","Allbulkfoods.com -","Here at AllBulkFoods.com our business is providing you with excellent food, service and prices. If you buy one case or one pallet of bulk foods, we are here to help!",
"https://thesourcebulkfoods.com.au","The Source Bulk Foods - Zero Waste Shopping Revolution","The Source Bulk Foods has over 40 zero waste bulk food stores around Australia. Buy your wholefoods, health foods and superfoods in bulk!","https://thesourcebulkfoods.com.au/wp-content/uploads/2019/03/tsbf-hero.jpg"
"http://www.jackdanielscoffee.com/","400 Bad Request",,
"https://www.cloudflare.com/learning/dns/what-is-1.1.1.1/","What is 1.1.1.1? | Cloudflare ","1.1.1.1 is a public DNS resolver that provides a fast and private way to browse the Internet.","https://www.cloudflare.com/img/learning/og-images/security-pattern.png"
"https://www.kelloggs.com/en_US/brands/happy-inside.html#num=12","Happy Inside™","Give your insides what they need with this new, delicious cereal brought to you by the W.K. Kellogg Institute.","http://images.kglobalservices.com/www.kelloggs.com/en_us/brand/consumerbrand-6808333/270975T04_cw_HiHappyLogo_Black.jpg"
"https://www.realfoodrealstories.org/","400 Bad Request",,
"https://www.inc.com/bill-murphy-jr/amazon-is-recruiting-entrepreneurs-to-local-start-delivery-companies-heres-why-i-think-some-people-could-get-rich.html","Amazon Is Recruiting Entrepreneurs to Start Local Delivery Companies. Here's Why I Think Some People Could Get Rich","There's risk in any business. But if you asked me to invest in a business with these built-in advantages, I'd certainly listen.","https://www.incimages.com/uploaded_files/image/970x450/getty_507315991_361781.jpg"
"https://www.justbeedrinks.co.uk/","403 Forbidden",,
"https://www.bulknationusa.com/","Bulk Nation USA | Premium Bulk Nuts, Candy, And So Much More","Bulk Nation is a specialty bulk food retailer dedicated to providing customers with an extensive selection of quality bulk food products.","https://www.bulknationusa.com/wp-content/uploads/2019/03/bulk-nation.jpg"
"https://sweatco.in/","Sweatcoin | It pays to walk","We convert your steps into sweatcoins, to spend on products and services. Walk, earn, spend, repeat. You’ll see, it pays to walk","https://sweatco.in/assets/sharing.d7b4cb6572.jpg"
"https://news.sap.com/2015/03/young-old-powerful-combination/","Young and Old: A Powerful Combination | SAP News Center","The SAP initiative ""mature talents"" wants to support cooperation across generations and help managers understand the needs of different age groups.","https://news.sap.com/wp-content/blogs.dir/1/files/shutterstock_92090723FEATURE-950x320.jpg"
"http://www.eyalter.com/en/tunnel-decision/","Experience | EY ALTER","EY ALTER - #eyalter - Du kannst dich mal kennenlernen. Die Mitmachausstellung im Gasometer auf dem EUREF-Campus Berlin Schöneberg. Eine Idee von Mercedes-Benz.","http://www.eyalter.com/wp-content/uploads/Ey-Alter00_04-2_3-1.jpg"
"https://www.forbes.com/sites/walterloeb/2016/08/08/best-buy-focuses-on-shop-in-shop-sales-and-is-making-changes-for-growth/#66875e575bca","Best Buy Focuses On Shop-In-Shop Sales And Makes Changes For Growth","The electronics retailer's strategy of emphasizing stores within stores run by suppliers such as Samsung, Sony, Microsoft, AT&T and LG has resulted in better service -- at the suppliers' expense -- and given Best Buy a leg up in its fight against Amazon and other online competitors.","https://thumbor.forbes.com/thumbor/600x315/https%3A%2F%2Fspecials-images.forbesimg.com%2Fimageserve%2F39051435%2F960x0.jpg%3Ffit%3Dscale"
"https://shop.nordstrom.com/content/nordstrom-local","Nordstrom Local | Nordstrom","Free shipping and returns on Nordstrom Local at Nordstrom.com. Top brands. New trends.",
"https://dreamerybycasper.com/","400 Bad Request",,
"https://econsultancy.com/11-examples-of-marketing-campaigns-starring-youtubers/","11 examples of marketing campaigns starring YouTubers – Econsultancy","To people of my age, the idea of someone being famous for having a YouTube channel is faintly ridiculous.
And the fact that some of them have gained millions of fans and earned millions of dollars just by posting videos of themselves playing computer games... well, it makes me very sad.",
"https://www.mcdonalds.pt/ementa/produtos/mcveggie/","McDonald's Institucional.","Site oficial da McDonald's Portugal. Encontre as novidades e a nossa ementa, ofertas de emprego e toda a informação sobre a qualidade, a nutrição e a Fundação Infantil Ronald McDonald.","https://www.mcdonalds.pt/media/53722/logo_300x300.jpg"
"https://www.thefomofactory.com/","400 Bad Request",,
"https://www.seafoodsource.com/news/environment-sustainability/blockchain-trialed-for-sea-cucumber-traceability-in-japan","Blockchain trialed for sea cucumber traceability in Japan","Blockchain technology – is being picked up in Japan to verify the traceability of high-end sea cucumber.",
"https://blog.ambrosus.com/in-depth-the-madagascar-bourbon-vanilla-supply-chain-on-amb-net-7f42ab0f5c9e","In-Depth: the Madagascar Bourbon Vanilla Supply Chain on AMB-NET","To complement Ambrosus’ most recent publicly announced partnership with Premium Goods and use-case surrounding the traceability of…","https://cdn-images-1.medium.com/max/1200/1*glGEogfjW2kZrQ60aJ6wRg.jpeg"
"https://www.monsterinsights.com/","MonsterInsights - The Best Google Analytics Plugin for WordPress","MonsterInsights is the best Google Analytics plugin for WordPress. Setup Google Analytics for WordPress with just a few clicks. Over 12 million downloads.","https://www.monsterinsights.com/wp-content/uploads/2017/06/fb-og-image.png"
"https://youtu.be/NBYsK571vF0","L.L.Bean: Be an Outsider at Work #BeanOutsider","Ready to #BeanOutsider at work this summer? L.L.Bean has teamed up with Industrious and started a movement to get outside at work. Now we’re kicking things o...","https://i.ytimg.com/vi/NBYsK571vF0/maxresdefault.jpg"
"https://www.beachub.com/work","WORK | THAILAND | BEACHUB","THE WORLD'S FIRST BEACHFRONT COWORKING/COLIVING VILLAGE ON THE BEAUTIFUL ISLAND OF KOH PHANGAN, THAILAND. OUR COWORKING AREA HAS PRIVATE A/C ROOMS, AND 100 DESK",
"https://www.lemonade.com/","Lemonade Renters & Home Insurance | Protect The Stuff You Love","Lemonade offers renters and home insurance powered by tech and driven by social good. ? We promise zero paperwork and instant everything by replacing brokers and bureaucracy with bots and machine learning. Get a Lemonade insurance policy in 90 seconds, starting at $5/month.","http://www.lemonade.com/assets/lemonade-share-image-ad9d7846f31685bfb4af89f018e4dd5d460f4e73768a8fd500bfc1f069ff853a.png"
"https://www.30secondstofly.com/","Main - 30SecondsToFly Inc.","The A.I. call center revolution has started. Be part of it. Omni-channel and A.I. driven agent augmentation for travel management companies The new mobile booking experience is chat-based, personalised and lightening fast Mobile booking happens in chat Increase mobile adoption by being where your customers are: On Skype, Facebook, SMS and more. Plus, easily add …",
"https://www.mobilemarketer.com/news/marriott-makes-more-room-for-chatbots-to-enhance-guest-experiences/510117/"," Marriott makes more room for chatbots to enhance guest experiences","The world's largest hotel chain was an early user of Facebook Messenger and Slack. Now it's adding Google Assistant, WeChat, AI capabilities and more.
","https://www.mobilemarketer.com/user_media/cache/f2/67/f267ee63abb39826c75f23c8d487558d.jpg"
"https://www.macrumors.com/2019/02/13/kroger-launches-kroger-pay-service/","Apple Pay Holdout Kroger Launches New 'Kroger Pay' Service","Popular grocery store chain Kroger has launched a new mobile payments service called Kroger Pay, which it will be using in lieu of Apple Pay.
 

...","https://cdn.macrumors.com/article-new/2019/02/krogerpay.jpg?retina"
"https://www.weswap.com/en/","Travel Money | Best Currency Exchange Rates | WeSwap","British Bank Award Winner - Best Travel Money Provider 2018. Get the best rates on your foreign currency with our travel card and app. WeSwap is up to 10 times cheaper than banks and bureaus. Fast, secure and backed by MasterCard. Sign up for free today!",
"https://www.eurowag.com/pt-pt/reembolsos-de-impostos/","403 Forbidden",,
"https://which-50.com/alipay-and-tourism-australia-trial-sydney-city-card-for-chinese-tourists/","Alipay and Tourism Australia trial Sydney City Card for Chinese Tourists - Which-50","Chinese mobile payments company Alipay and Tourism Australia will pilot a new city service in Sydney to promote leading tourist and retail destinations to","https://which-50.com/wp-content/uploads/2018/01/P1020504.jpg"
"https://www.goodnes.com/alexa-skill","Alexa Page | Goodnes",,
"https://www.theverge.com/2017/4/12/15259400/burger-king-google-home-ad-wikipedia","Burger King’s new ad forces Google Home to advertise the Whopper","Burger King is unveiling a horrible, genius, infuriating, hilarious, and maybe very poorly thought-out ad today that’s designed to intentionally set off Google Homes and Android phones.
The...","https://cdn.vox-cdn.com/thumbor/vWkGqlhwiRqIbNU1CKTt8SReaLU=/1x0:2054x1155/1600x900/cdn.vox-cdn.com/uploads/chorus_image/image/54213457/bk.0.png"
"https://www.slu.edu/news/2018/august/slu-alexa-project.php","SLU Alexa Project","Leading-edge technology will better connect students with campus life at SLU","https://www.slu.edu/img/social/slu-social.png"
"https://www.publico.pt/2019/01/11/p3/noticia/spray-portugues-quer-subsituir-o-plastico-na-conservacao-de-alimentos-1857507#gs.yzRGWbEh","“Spray” português quer substituir o plástico na conservação de alimentos","Desenvolvido por um grupo de investigação do Instituto Politécnico de Bragança, o SafeSpray quer substituir o plástico na conservação de alimentos. De origem natural e comestível, o produto foi premiado e já chamou a atenção de empresas.","https://imagens.publicocdn.com/imagens.aspx/1320823?tp=UH&db=IMAGENS&type=JPG&share=1&o=BarraFacebook_P3.png"
"https://www.naturalproductsglobal.com/europe/unilver-adds-vegetarian-butcher-to-growing-plant-based-portfolio/","Unilver adds Vegetarian Butcher to growing plant-based portfolio - Natural Products Global","Food and personal care multinational Unilever is acquiring Netherlands-based The Vegetarian Butcher.","https://www.naturalproductsglobal.com/wp-content/uploads/2018/12/Jaap_Slagersmes.jpg"
"https://www.marketwatch.com/story/kroger-rolls-out-driverless-cars-to-deliver-groceries-2018-12-18?fbclid=IwAR3_YflqEDM1O38t98aCk6ro1OT_KJ_kbVVGwPw-BXHV8iTlfbMssDSZ09A","Kroger rolls out driverless cars to deliver groceries","The nation’s largest grocery chain stepped into the driverless delivery market Tuesday, bringing milk, eggs and other items to a customer’s home in a vehicle...","http://s.marketwatch.com/public/resources/MWimages/MW-HA605_driver_ZG_20181218221453.jpg"
"https://www.ibm.com/blockchain/solutions/food-trust","IBM Food Trust","IBM Food Trust uses blockchain technology to improve transparency, standardization and efficiency throughout the food supply chain. Collaborate and connect with other network participants to share data through a holistic food supply chain solution.","https://1.cms.s81c.com/sites/default/files/2019-01-07/Leadspace%20final2.jpg"
"https://swipii.com/","Collect loyalty points and unlock free rewards at your favourite businesses","Turn everyday purchases into rewards you'll love. With Swipii just pay with your everyday payment card to collect points that unlock free rewards at thousands of locations across the UK.","https://swipii.com/wp-content/uploads/2019/03/Screenshot-2019-03-18-at-14.14.28-1024x640.png"
"http://magiccandyfactory.com/events/","Magical Events","Magic Candy Factory 
The Katjes Magic Candy Factory is a completely unique form of event entertainment, fusing innovative technology and candy to produce a fun interactive experience that provides the ultimate WOW factor!","http://magiccandyfactory.com/wp-content/uploads/2019/01/Magic-candy-factory-logo-s.png"
"https://www.beeswrap.com/","Forbidden",,
"https://tipa-corp.com/","Compostable Packaging - T I P A",,
"https://www.packtin.com/en/","Home - Packtin",,
"http://www.qopius.ai/","qopius.ai",,
"https://www.wiseshelf.com/","WiseShelf | Retail IoT smart shelf solution","WiseShelf transforms retail shelf to an IoT smart shelf. WiseShelf optimizes the store operation by minimizing shelf Out of Stock incidents.",
"https://www.displaydata.com/#Keyfacts-section","Electronic Shelf Edge Labels & Digital Labels | Displaydata","Displaydata&#39;s Electronic Shelf Labels (ESLs) bring the shelf-edge into the Internet of Things era, helping to create shopping experiences that are more engaging, rewarding and personalised. We help retailers optimise sales and margin at the shelf-edge, where 90% of purchases are still made.",
"https://www.tronitag.com/us/","Home - Tronitag",,
"http://en.hanshow.com/#smart","Hanshow | Smart Electronic Shelf Labels","Smart Your Business With Our Electronic Shelf Label. The electronic shelf labels (ESL) synchronize the prices and information update in stores.",
"https://www.pricer.com/","Homepage - Pricer",,"https://www.pricer.com/wp-content/uploads/2018/09/product-image-0.png"
"http://www.ontimesmart.com/","ONTIME","???   ONTIME   EAS",
"https://shelfierobot.com/","Retail Shelf Analytics Platform | Shelf Intelligence Suite - Shelfie Robot","Shelfie is an image analytics platform designed to provide insights into the physical shelves of a retail environment. System is made up of an analytics platform, image capturing devices and reporting dashboard.","https://shelfierobot.com/wp-content/uploads/2018/10/shelfie.Artboard.png"
"https://bizcargo.com/#/about","BIZCARGO.com","BIZCARGO.com é um portal online para procurar soluções de transporte e logística multimodais porta-a-porta. Os utilizadores podem pedir cotações, gerir os seus bookings e acompanhar a execução do transporte.",
"http://www.selitera.com/","Selitera - Selitera",,
"https://www.sensei.tech/","Sensei",,
"https://www.advancingretail.org/solutions/caper","Caper","AI Powered Retail -Checkout made easy. Just toss it in, and leave.

With our next generation smart self-checkout cart, powered by deep learning &amp; computer vision, items are instantly detected as","https://www.advancingretail.org/sites/default/files/styles/thumbnail/public/logos/0_16.png?itok=Czf5aYah"
"http://www.livello.com","Livello - Fresh Good Food",,
"https://www.aipoly.com/","V7 Aipoly","Artificial Intelligence for the Blind and Visually Impaired. Aipoly is an app that uses Vision AI to recognize objects in real-time. Works in 26 languages and identifies over 5,000 objects.",
"https://itab.com/en/our-offer/checkout-arena/","ITAB | Fast","As Europe's leading supplier, ITAB has the experience and expertise to help retail chains choose the right equipment for the checkout aisle based on the shop's size, flow of goods and number of visitors.

As an alternative to manned checkouts, ITAB has developed efficient self checkout solutions which mean that consumers can quickly, conveniently and reliably check and scan their items themselves at the checkout. We also have a new solution for the ""just walkout technology"", AirFLOW. ",
"https://ekiosk.com/en/","eKiosk | Purchase or rent complete digital signage solutions","Manufacturer of digital kiosk systems ? kiosk solutions ? kiosk terminals ? digital signage hard- and software solutions ? Learn about eKiosk now! ",
"https://www.getmucho.com/","Mucho",,
"https://shelf.ai/","shelf.ai | AI powered e-commerce.","We bring artificial intelligence to e-commerce, empowering grocery retailers to engage directly with customers, in truly personalised shopping experiences.",
"https://spoonshot.com/","Spoonshot - Taste Prediction","Spoonshot's technology leverages food science and artificial intelligence to predict consumer tastes and food trends. We've built our several solutions from this core technology to solve some of the food & beverage industry's key challenges.",
"https://vue.ai/ai-stylist/","AI Stylist for Fashion Retail Ecommerce Outfitting","VueStyle is an AI Stylist for Fashion Retailers | Styling and Outfitting Solution for Fashion Ecommerce Websites | Online Personal Stylist",
"https://www.tastry.com/","Tastry – Drive Wine Sales With Targeted Recommendations",,
"https://www.aquaponicsiberia.com/?lang=en","Home - Aquaponics Iberia","Consultoria, Projetos e Formação em AQUAPONIA e Aquacultura sustentável",
"https://revibeenergy.com/","ReVibe Energy - Powering The Industrial IoT","We power the Industrial IoT by transforming vibrations into electricity. Power your IoT units without the need for standard batteries or expensive cables.","https://revibeenergy.com/wp-content/uploads/2017/12/Revibe-logotyp-copy1-e1512760099761.png"
"https://pro.hydrao.com/","Accueil HYDRAO Pro - HYDRAO | Professional Solutions","La sobriété énergétique par l'innovation, votre relais de croissance Des solutions autonomes et pédagogiques de gestion de l’eau pour mesurer et communiquer votre impact énergétique Écologie, Confort et Rentabilité",
"https://www.retailquant.com/","RetailQuant Home - RetailQuant",,
"https://eaternity.org/","Eaternity ? App'etite for Change","App'etite for Change.",
"https://linksquare.io/","LinkSquare | A handheld spectrometer that will improve your daily lives","LinksSquare is a handheld spectrometer to check food quality, verify products, and explore so many things around you. A smart scanner device to take anywhere.",
"http://www.aiconix.de/en","aiconix.ai – Die Quote für Videos",,
"https://axonify.com",,,
"https://www.beeapproved.co.uk/aboutus/","About Us - Bee Approved",,
"https://betalist.com/startups/wemonty","wemonty: Everything necessary, delivered intelligently","Everything necessary, delivered intelligently","https://betalist.imgix.net/attachments/d2cadd09-358e-4209-9a6e-acaddc1e0ed3/image.jpg?ixlib=rb-1.1.0"
"https://www.compt.io/?ref=betalist","502 Bad Gateway",,
"http://www.morethancarrots.co.uk/","400 Bad Request",,
"https://www.cogap.de/en","CoGAP Gen-Diaet",,
"https://www.fitalety.com/","Cafés 100% arabica, aux actifs d'origine naturelle minceur ou zen","Capsules compatibles Nespresso enrichies en actifs d'origine naturelle, complément alimentaire minceur efficace, décaféiné anti stress, café boostant",
"https://thea2milkcompany.com/","The a2 Milk Company","The a2 Milk Company™ is in the business of pioneering a2 Milk™ and making its unique health benefits understood and available to everybody around the world","https://thea2milkcompany.com/wp-content/uploads/a2_Rel1_Aus_TM_FullCol_small.png"
"https://www.sourcemap.com/","400 Bad Request",,
"https://www.thespikeapp.com/","Spike Diabetes Assistant","We create solutions that help diabetics monitor their health and live a healthier lifestyle.","https://res.cloudinary.com/hrscywv4p/image/upload/c_limit,fl_lossy,h_630,w_1200,f_auto,q_auto/v1/1289343/Spike_Logo_Square-01_bfphaw.png"
"https://emma.health/","Emma",,
"http://www.emulsar.com/","Emulsar | la solution en émulsion",,
"https://www.nodoughpizza.com/","nodoughpizzaco",,
"http://www.bolfoods.com","BOL Foods ","Welcome to the BOL foods website. Browse our product range, learn about our story, dive into our values and read the #plantlife blog to join our plant-based journey.","http://www.bolfoods.com//uploads/promos/Carousel-01_180119_100436.jpg"
"https://zveetz.com/","Zveetz - zuckerfreie Fruchtgummis - sugarfree fruitgums",,
"http://hello.keep-warranty.com/","Keep Warranty",,
"https://oko.ai/","oko","Intelligent Newsroom Assistant","images/oko_logo.png"
"http://www.inui-studio.com","iNUI STUDIO","Banking Solutions · Digital Signage · Innovation · Custom Development · Based in Luxembourg.","http://www.inui-studio.com/assets/img/og/inui-studio.jpg"
"https://www.leapmotion.com/","Leap Motion","Reach into the future of virtual and augmented reality with the most advanced hand tracking on Earth, used by over 300,000 developers worldwide.",
"https://get-nourished.com/","Home - NOURISH3D","At nourish3D we invented a radical new way for your daily vitamins & minerals. We print chewable, delicious stacks containing 7 personalised inclusions from a selection of 27 active ingredients. 1 of over 100 billion combinations will be just right for you. To be one of the very first to get your stack: Pre-Order now!",
"https://bulkboxfoods.com","Chef'd: Meals from $2.90","Fill your kitchen with beautiful meals starting at $2.90, while knowing you are getting the quality and value of farm to market food that your family deserves.",
"https://www.menunfc.com/","Home - MenuNFC® Multi-lingual digital menu with allergens and pictures",,
"https://unbabel.com/","Unbabel | Seamless Multilingual Support","Delight your customers, build stronger teams, scale your business — with our translation solutions, you can do what you do best, better.","https://unbabel.com/img/social-unbabel.jpg"
"https://www.wasteless.co/","Wasteless","Reduce food waste and increase sales with dynamic pricing","/Bs.WebApp.Models.Page/1/meta_image.png"
"https://www.cambridge-crops.com/","Cambridge Crops, Inc. | Somerville, MA | Solutions for Freshness","Cambridge Crops develops natural and edible solutions for extending freshness. ","https://static.wixstatic.com/media/b73a26_18c0779e75754be2803b0c60247080af~mv2.png/v1/fill/w_1732,h_476,al_c/b73a26_18c0779e75754be2803b0c60247080af~mv2.png"
"http://www.pikkart.com","PIKKART - Realtà Aumentata per Mobile","Azienda IT, unica in Italia a possedere un software di Realtà Aumentata proprietario. Professionisti di Computer Vision, Deep Learning, Machine Learning ed Intelligenza Artificiale","/immagini/logo/thumb.jpg"
"http://www.trusttm.com/en/","Home - TrusT™ App",,
"https://luckyironfish.com","Forbidden",,
"https://www.yusadrinks.com/","Yusa | Plant-Based Energy From Guayusa | United Kingdom","Yusa is the first drink in the UK to use the guayusa tea leaf to create a healthy refreshing plant-based energy drink that’s high in natural caffeine, antioxidants and low in sugar. We have added only water, plants and fruit juices to create an all-natural alternative energy drink, containing nothing artificial","https://static.wixstatic.com/media/96e271_09bca50da672485fa6c638bd5ae7ac53%7Emv2.jpg/v1/fit/w_2500,h_1330,al_c/96e271_09bca50da672485fa6c638bd5ae7ac53%7Emv2.jpg"
"https://spirugrow.com/","Spirugrow - Enjoy Fresh Now","Enjoy Fresh Now",
"http://inl.int/life-science/nano-for-food/","NANO FOR FOOD - Life Science",,"https://inl.int/life-science/wp-content/uploads/2015/07/416-e1538434099662.jpeg"
"https://syngja.dk/","Forbidden",,
"https://www.splosh.com/",,,
"https://www.greenbiz.com/article/loops-launch-brings-reusable-packaging-worlds-biggest-brands","Loop’s launch brings reusable packaging to the world’s biggest brands","Why a quirky startup has attracted P&G, Unilever, Coke, Pepsi, Nestle, Mars, Clorox, Danone and 20 other brands to a platform for disruptive packaging.","https://www.greenbiz.com/sites/default/files/styles/panopoly_image_full/public/images/articles/featured/loop-group-shot.jpg?itok=lSfHwEiU"
"https://www.dropwater.co/","Drop Water | United States | Eco-friendly bottled water","Drop Water is reinventing how bottled water is made and distributed. Our kiosks bottle drinks at the point of purchase in 100% compostable bottles.","https://static.wixstatic.com/media/7dcc42_9c3c7dbcbe9445c5965c43e847f852b3%7Emv2.png"
"http://www.framieapp.com/","Framie - Collect the World","Framie is a mobile app that empowers any brand to create digital collections, composed of placeholder pictures, for their users to complete with their own pictures. Step up your user engagement game!",
"https://youclap.tech/","YouClap - App Challenges | Challenge App",,
"https://olioex.com/","OLIO - The Food Sharing Revolution","Welcome! OLIO connects neighbours and local shops so surplus food & other household items can be shared. Featured by the BBC, Wired, TimeOut","https://olioex.com/wp-content/uploads/2017/03/facebook-share.png"
"https://www.twoosk.com/page/about-us","About us - twoosk | Matching Opportunities","Find more about twoosk! Why we exist and our Story. What values we believe and that are the basis for matching opportunities within a trustful curated community",
"https://www.joinforge.com/","Forge – Work Life Balanced",,
"https://tubularlabs.com/","Tubular Labs - Video intelligence to help grow and monetize your business","Tubular is the world-leader in social video analytics and sponsored video intelligence to help you grow and monetize your business.","http://tubularlabs.com/wp-content/uploads/2017/12/Tubular-Social-Sharing-Image-Facebook@1x.jpg"
"https://www.beyondmeat.com/","Beyond Meat - The Future of Protein™",,
"https://www.quorn.co.uk","Recipes, Products and News from Quorn. Healthy Protein. Healthy Planet.","Enjoy healthy, low fat vegetarian versions of your favourite recipes. Browse products & learn about our mission to produce healthy protein for a healthy planet.","https://www.quorn.co.uk/img/content/share-home.jpg"
"https://wholifoods.com/","Forbidden",,
"https://cuisinesoleil.com/en/","403 Forbidden",,
"http://algamafoods.com/","Algama | Microalgae Pioneer","Algama creates the next-generation daily food product that harnesses the unique potential of microalgae with a tasty spoonful of joy: good for people and sustainable.",
"https://seamorefood.com/","Seamore. Some seaweed, we seamore - Seamorefood.com","We believe we have found something that will change the way we think of food. Upgrade your food with I sea bacon and I sea pasta.",
"https://www.sensbar.com/en","Cricket Flour Protein & Energy Bars | SENS","The most innovative bars with crickets, the new superfood. Pure ingredients only, no added sugar, gluten free and delicious.","https://assets.sensbar.com/webpage/images/SENS_landing_intro-L-1c.jpg"
"https://www.eatizz.com/en/","Eatizz: Stop food waste","Eatizz: Stop food waste, last-minute discounts",
"https://movingworlds.org/international-corporate-volunteering","International corporate volunteering programs - from pilot to scale | MovingWorlds.org","MovingWorlds helps leading corporations build scalable programs that deliver triple-bottom line benefits.","//images.ctfassets.net/e6h4r2c2hknq/4Se8FehupGeoc4uWQ2S46W/446f25aaa8d256ce0d268e489633310c/Lynn-Thurston-Blog-Post-Photos-2-e1517436437572.jpg?fit=fill&w=1200&h=630"
"https://werk.co/","A Flexible Future of Work Is Here | Werk","Werk's technology puts flexibility insights and data into the hands of companies to help them work smarter. Request a demo to learn more.","https://werk.co/images/meta-general.jpg"
"https://www.nutrasign.io/en/","NUTRASIGN",,
"https://www.sap.com/products/batch-product-traceability.html","Product Traceability and Genealogy | SAP","Get real-time insight into batch genealogy with our product traceability software – SAP Global Batch Traceability.","http://www.sap.com/dam/application/imagelibrary/photos/277000/277277_prod2hero_Cloud4Analytics_Visualize.jpg.adapt.640_-1.false.true.false.false.jpg"
"https://traace.io/
","Track your products anywhere in the world","Easily create branded interaction experiences for your partners and consumers to monitor every single unit of your products journey and lifecycle.","https://traace.io/images/ogimage.png"
"http://www.smartlogo.it/","smartLOGO | smartLOGO | La vera alternativa al QR-Code","smartLOGO, la vera alternativa al qr-code ti permette di ingaggiare il tuo consumatore con contenuti rilevanti
",
"https://uwinloc.com/","UWINLOC | New Indoor Location System for assets tracking","Tag your assets, reduce your delays, and optimize your stock flow with UWINLOC's innovative indoor location system, a new standard for IoT assets tracking.",
"https://bettercotton.org/","Home - Better Cotton Initiative","The Better Cotton Initiative exists to make global cotton production better for the people who produce it, the environment it grows in and the sector’s future","https://bettercotton.org/wp-content/uploads/2013/12/11850731595_1174368db5_o.jpg"
"https://www.toptal.com/careers","Remote Tech Jobs with Toptal","Toptal is a rapidly growing tech start-up connecting the top 3% of talent in business, design, and technology to top professional clients.","https://bs-assets.toptal.io/blackfish-assets/public/base/images/logo/og_image_default_f7e298.png"
"https://www.knotel.com","Knotel | Homepage","Knotel is changing the way companies find, design, and build office space, while offering operational flexibility which lowers risk as your company changes. ","http://www.knotel.com/static/assets/knotel-4095f2fdcefbb2d3ee2eb6cb366b2986.jpg"
"https://www.smartaisle.io/","SmartAisle",,
"https://www.bitext.com/","Bitext. We help AI understand humans. Chatbots Machine Learning","Named Cool Vendor by Gartner. Pioneering a new NLP middleware industry that helps chatbots understand people. Deep Linguistic Analysis platform that handles any language, variant and vertical. Open to integration with AI engines- Machine learning and DL",
"https://www.3d-berlin.com/en/","3d-berlin | Home",,
"https://www.eyeconic.com/help-me/virtual-try-on","Virtual Try-On Tool for Glasses & Sunglasses – Eyeconic","Use a webcam to see what you'd look like in any pair of glasses, then share with friends. Shopping for glasses online is easy with our Virtual Try-On tool.",
"https://www.goinstore.com/","Go Instore | Immersive live video commerce","We bring the world’s digital experiences to life through our immersive live video technology and expertise - Find out how we increase sales and improve customer experience for global brands like Farfetch, Porsche, Marriott International, Redrow, Sofa.com and how we can help you",
"http://ecodyger.com/","Ecodyger - Trasform your waste into a helpful resource","Ecodyger traite les déchets organiques sur place et permet d'en résuire le volume de 70% à 90% qu'il ne devienne des ordures. Le substrat obtenu est utilisable comme compost de haute qualité","http://ecodyger.com/wp-content/uploads/2014/07/socialicon.jpg"
"https://www.elvisandkresse.com/","Forbidden",,
"http://eot.pt/en/","EnergyOT | The Energy Of Things",,
"https://www.docplanner.com/about-us","Docplanner Group","Find the best physicians, search by location and specialty. Book your doctor appointment online on Doctoralia. Ask an expert.",
"https://kubo.education/","KUBO Robotics - A simple solution to introduce coding in the classroom","KUBO is a simple, intuitive solution, that makes it easy for teachers to introduce computer science and coding to students as young as four.",
"https://thebookofeveryone.com/","Make a personalised book. A unique gift idea for him & her!","Create a beautifully designed, personalised gift book celebrating someone's life, based on their birth date. Make a book in only 40 seconds!","https://dmwtc4afbu6an.cloudfront.net/images/og_card-41e44799368bdf181ce01cef8444edb7.jpg?vsn=d"
"http://www.ionseed.eu/","Ionseed - Your energy. Your Rules.","Distributed Energy Storage. Your Energy. Your Rules",
"https://situm.es/en","Situm Indoor Positioning. Minimal Infrastructure. Highest precision. Fastest deployment.","Situm is present in thousands of buildings from different industries worldwide, from hospitals, airports and train stations to museums, corporate buildings and factories, providing the most precise indoor positioning with the minimal infrastructure","https://situm.es/img/facebook/08zf6jwooduzakd41zbjsi7taqypo7/F0000000460_Situm_indoor_positioning.png"
"https://www.nevisq.com/home","nevisQ - Die intelligenten Fußleisten","nevisQ - Die intelligenten Fußleisten zur diskreten Überwachung von Räumen","https://www.nevisq.com/pics/nevisQ.jpg"
"http://www.cloqwerk.com/home.html","Home",,"//nebula.wsimg.com/95d084e810e28480825274d30e885bd9?AccessKeyId=159E94A845D5D9049890&disposition=0&alloworigin=1"
"http://swiftwallet.io/","Swift Wallet",,
"https://pingpilot.com/","PingPilot: Voice, SMS & Live Chat for Sales & Support","Build human connections across the universe by using voice, sms, and live chat for sales, marketing, and customer support in your websites and beyond.","https://live-pingpilot.pantheonsite.io/wp-content/uploads/2017/08/facebook-og-image.png"
"https://www.optionizr.com/","Home",,
"https://www.themotion.com/","400 Bad Request",,
"https://www.omknee.com/","Omknee | Reshape retail management",,
"https://agrimp.com/","Agrimp",,
"http://gcourage.com/","Good Courage - Cellar Management and Data Service Provider","CellWine – An advanced cellar management system to manage your wine collections and let you trade your wine with other wine lovers. Powered by Good Courage","http://gcourage.com/wp-content/uploads/2017/03/logo_desk_2x-1.png"
"https://www.flow.ai/","Design and deploy conversational apps faster","Flow.ai is a professional software platform for creating conversational UIs, AI assistants and chatbots.","https://flow.ai/assets/images/social/facebook.png"
"https://kami.ai/","KAMI AI - Personalised AI That We Can Trust","KAMI's Conversational AI architecture is designed to empower machines with the abilities of understanding and generating natural dialogue.",
"https://www.coolerscreens.com/","400 Bad Request",,
"https://www.affectiva.com/","Home - Affectiva","Emotion Recognition Software and Analysis",
"https://profila.com/","400 Bad Request",,
"https://www.adpack.tv/","adpack | dooh revolution",,
"http://www.arpa.tech/indexe.html","ARPA ELASTIC SOLUTIONS","ARPA TECH",
"http://sightcorp.com/crowdsight/","CrowdSight SDK - Integrate with your own solution! - Sightcorp","Crowdsight SDK is a Cross-platform Face Analysis Software for audience behavior and interest analysis in real-time. Request your CrowdSight SDK 14-day free trial now!","https://sightcorp.com/new/wp-content/uploads/skyscanner1.png"
"https://prism.com/","Prism Skylabs: Transform your cameras into powerful business tools","Prism transforms your cameras into powerful business tools. Our cloud intelligence platform uses computer vision, AI and machine learning to unlock insights from video. Leading companies in 80 countries around the world use Prism to manage, improve and grow their business. ",
"http://lab4motion.com/","Digital Merchandising | Lab4Motion","Lab4Motion turns pictures into profits- utilizing Artificial Intelligence we help FMCG companies and retailers obtain reliable feedback on the presence of products on store shelves. Our unique digital merchandising solution guarantees 98% recognition precision of SKU's.",
"http://www.infor.com/product-summary/retail/demand-management/","Demand Management | Sales Forecasting Software for Retail | Infor","Demand Management offers cloud-native, predictive, and machine-learning solutions that bring precision to forecasting.",
"https://azure.microsoft.com/pt-pt/services/machine-learning/","Machine Learning Studio | Microsoft Azure","Crie soluções de análise preditiva rapidamente na cloud com o Azure Machine Learning Studio, uma ferramenta colaborativa com operação de arrastar e largar.","https://azure.microsoft.com/svghandler/machine-learning-studio?width=600&height=315"
"https://www.blue-yonder.com/em","Blue Yonder",,
"https://www.activitystream.com/","Activity Stream",,
"http://www.presenso.com/technology-industrial-analytics/","Machine Learning Technology for Predictive Maintenance","Presenso uses advances in Automated Machine Learning or AutoML to develop the latest Predictive Maintenance tools for industrial plants.",
"https://www.add-for.com/predictive-maintenance/","Predictive Maintenance | Addfor Artificial Intelligence for Engineering","Predictive Maintenance: more efficient maintenance operations by extending components life over the scheduled intervals.","https://www.add-for.com/wp-content/uploads/2017/03/Predictive_Maintenance_Addfor_Solutions.jpg"
"https://www.advelvet.com","AdX Floor Price Optimization using AI | advelvet",,
"https://dressupai.bitbucket.io/signup/","Dressup AI","Sign up to Dressup.ai",
"https://www.tarent.de/en/services/products/sellfio","Page not found » tarent",,"https://www.tarent.de/wp-content/uploads/og_default-1.jpg"
"http://heptasense.com/","Heptasense","Heptasense Website",
"https://www.forter.com/","Fraud Prevention Solution | Ecommerce Fraud Protection | Forter","Forter offers unmatched fraud prevention and protection with real-time automated decisions for all transactions. Learn more about our solution.",
"http://www.growtogreen.com/","Grow to Green",,
"https://www.facebook.com/pg/koaloponics/about/","Atualiza o teu browser | Facebook",,
"https://apeelsciences.com/","Home","We believe in abundance. var htmlDiv = document.getElementById(""rs-plugin-settings-inline-css""); var htmlDivCss=""""; if(htmlDiv) { htmlDiv.innerHTML = htmlDiv.innerHTML + htmlDivCss; }else{ var htmlDiv = document.createElement(""div""); htmlDiv.innerHTML = """" + htmlDivCss + """"; document.getElementsByTagName(""head"")[0].appendChild(htmlDiv.childNodes[0]); } if (setREVStartSize!==undefined) setREVStartSize( {c: '#rev_slider_24_1', gridwidth: [1280], gridheight: [720], [...]","https://apeelsciences.com/wp-content/uploads/2018/09/fbog-image.jpg"
"https://www.hazeltechnologies.com/","Hazel Technologies, Inc.","INCREASE SHELF LIFE. DECREASE WASTE. Great things come in small packages: Meet Hazel®— the smallest, biggest thing to happen to your supply chain.","https://uploads-ssl.webflow.com/5ac50fbc851dd7333c6e171b/5c3524231c5d603acd5a21f1_Title.jpg"
"http://www.bionatsolutions.com/","Bio Natural Solutions",,
"http://www.magnomics.pt","Magnomics","Nanotech for Life","https://s0.wp.com/i/blank.jpg"
"https://cue.me/product","400 Bad Request",,
"https://www.microsoft.com/en-us/hololens","Microsoft HoloLens | Mixed Reality Technology for Business","Introducing HoloLens 2, an untethered mixed reality headset that's designed to help you solve real business problems today using intelligent apps and solutions.","https://img-prod-cms-rt-microsoft-com.akamaized.net/cms/api/am/imageFileData/RWtpVn"
"http://www.ccg.pt/","Início - CCG","O Centro de Computação Gráfica (CCG) é uma entidade qualificada pelo Sistema Científico e Tecnológico Nacional (SCTN) para a Prestação de Serviços de Investigação & Desenvolvimento Tecnológico e para a Consultoria e Serviços de Apoio à Inovação das empresas",
"http://www.c2sense.com/","C2Sense – Gas Sensing Technologies",,
"http://www.ucd.ie/refrig/","UCD Food Refrigeration and Computerized Food Technology",,
"https://www.sintef.no/en/latest-news/x-ray-scanning-to-guarantee-meat-tenderness/","X-ray scanning to guarantee meat tenderness - SINTEF","Consumers may soon have a guarantee for the quality of meat they're paying for.","https://geminiresearchnews.com/wp-content/uploads/2015/04/kjtt-thinkstock.jpg"
"https://noticias.up.pt/nanotecnologia-pode-contribuir-para-um-melhor-vinho/","Doutoranda da Faculdade de Ciências cria nanosensor “enólogo”","Sensor desenvolvido por Joana Guerreiro, doutoranda em Química e investigadora do Centro de Investigação em Química, pode ajudar os profissionais a estimar a adstringência dos vinhos.","https://noticias.up.pt/wp-content/uploads/2013/06/vinho01.jpg"
"https://chain.com","Sequence by Chain","The database for the token economy.",
"https://ripple.com","Ripple - One Frictionless Experience To Send Money Globally | Ripple","Ripple connects banks, payment providers, digital asset exchanges and corporates via RippleNet to provide one frictionless experience to send money globally","https://cdn.ripple.com/wp-content/uploads/2014/09/insights-ripplenet%402x.jpg"
"https://www.agroop.net/en/whatwedo","Agroop | Crop Monitoring Technology","The technological solution that brings agronomists and farmers together. Save resources, prevent risks and maximize your production.","https://www.agroop.net/static/e9a46789054c3337a506ffa991521c93/8a184/homepage.jpg"
"https://www.nfcworld.com/2014/05/22/329286/telstra-digital-uses-nfc-broadband-customers-access-instant-help/","Telstra uses NFC to cut costs and improve customer service for broadband users • NFC World","StepOne's new Contextual Care platform used to deliver new service it expects to be able to use to both cut costs and improve customer service","https://www.nfcworld.com/wp-content/uploads/2014/05/stepone-bill-gravette.jpg"
"https://econsultancy.com/blog/65307-five-retailers-using-nfc-and-rfid-to-enhance-shopping-but-do-they-work","Five retailers using NFC and RFID to enhance shopping: but do they work? – Econsultancy","Let's take a look at who is using this technology in retail.
I'm not looking at payment here, which NFC has been mired in, merely how the shopping experience can be enhanced.
I'll get a few things off my chest about what works and what doesn't. First, a super quick differentiation between the two technologies.
Near field communication (NFC) is capable of two way communication, so payment (a debit and credit) for example, or even in medicine (a tag in your skin could send vital signs to your smartphone), and it works only at short distances. NFC can be used more basically, to simply transmit set information to a phone or tablet.
Radio frequency identification (RFID) has been around for yonks, the tags only transmit information, to an RFID reader (an NFC enabled phone or tablet such as an Android can be used as a reader, but for an iPhone a separate reader is required). These tags have been traditionally used in stock control.
There's bluetooth low energy (e.g. iBeacons) in the mix, too. However, many of the uses of beacons have been for push messaging to customers.
In this piece I'm not going to be talking about geofencing which can be done with RFID, GPS or low energy bluetooth (iBeacons). I'll be focusing on active rather than passive engagement, though I'll discuss iBeacons in my conclusion (as they're rapidly taking hold in many of the same scenarios).
Right, now that's taken care of, let's dive in...","https://econsultancy.imgix.net/content/uploads/2014/08/12130037/made_showroom.png"
"http://www.sonova.com/en/features/3d-printing-technology-improved-hearing","3D printing technology for improved hearing | Sonova","Sonova was a pioneer in 3D printing. Today 3D printing has long been the standard at Sonova for manufacturing custom-made hearing aid shells and earpieces.","https://www.sonova.com/sites/default/files/Sonova%203D-printing_start.jpg"
"https://www.starship.xyz/","Starship",,
"https://www.engadget.com/2018/10/04/toyota-softbank-monet/?guccounter=1&guce_referrer_us=aHR0cHM6Ly93d3cuZ29vZ2xlLnB0Lw&guce_referrer_cs=fDjI0Mr5EA-YXelsnfyxiQ","Toyota's e-Palette concept is edging closer to reality","Toyota and Softbank have formed a new venture called ""MONET.""","https://o.aolcdn.com/images/dims?thumbnail=1200%2C630&quality=80&image_uri=https%3A%2F%2Fs.aolcdn.com%2Fhss%2Fstorage%2Fmidas%2F97b476969963c6c9f5299582667cbe68%2F206713157%2Feng-palette-edJT.jpg&client=amp-blogside-v2&signature=59258260be614c371a4ea6ad725a694164a3c65a"
"http://www.karispro.de/",,,
"https://www.amazonrobotics.com/#/","Amazon Robotics","At Amazon Robotics, we are continually reimagining what now looks like. We see the big picture, imagine a better one, and make the connections that turn complex problems into elegantly simple solutions. Our drive toward a smarter, faster, more consistent customer experience fuels Amazon - and the industry - forward, now. With a fearless resolve to achieve the improbable with real solutions, we meet tomorrow's challenges today. We Reimagine Now.","https://d3hondn7jdiz1d.cloudfront.net/og/og-200x200.jpg"
"http://www.kuka-robotics.com/en/","industrial intelligence 4.0_beyond automation | KUKA AG","A KUKA AG é um dos fornecedores líder mundial em robótica, bem como tecnologia de equipamentos e sistemas, e pioneiro na Industria 4.0.","https://www.kuka.com/-/media/kuka-corporate/images/technologies/industrie-40/kuka-industrie-4-0.jpg"
"http://www.myzone.org/meet-the-mz3/","403 Forbidden",,
"https://www.skulpt.me/","Skulpt - Measure Body Fat Percentage and Muscle Quality","Skulpt changes how fitness is measured by tracking when your losing fat and gaining muscle for up to 24 individual muscles as well as your total body.","http://www.skulpt.me/images/social/skulpt-logo.png"
"http://www.aao.org/newsroom/news-releases/detail/programmable-electronic-glasses-provide-children-e","Programmable Electronic Glasses Provide Children Effective, Digital Lazy Eye Treatment","Programmable digital glasses for lazy eye work as well as eye patching, study shows, improving vision by about 2 lines on the reading chart after 3 months. First new effective lazy eye treatment in 50","https://www.aao.org/Images/UI/FacebookDefault.png"
"https://owletbabycare.co.uk/","Forbidden",,
"https://www.kinsahealth.co/products/","Products – Kinsa Inc.",,
"http://www.suitx.com/phoenix","PHOENIX Medical Exoskeleton | suitX",,
"https://www.sri.com/brochures/superflex-soft-biofidelic-actuated-exosuit","SuperFlex Soft Biofidelic Actuated Exosuit | SRI International",,
"https://wearkinetic.com/","KINETIC","Reduce workplace injuries by as much as 84%. KINETIC REFLEX is safety technology for the connected workforce.",
"https://www.truposture.com/","TruPosture - World's 1st Posture Training Smart-Shirt uses multi-sensors.","Most accurate Posture Trainer shirt looks at the entire spine using multiple sensors. Provides real-time display of your posture on our free Apps.","https://www.truposture.com/wp-content/uploads/2016/02/TruPosture-Posture-Tracking-and-Training-SmartShirt-Logo-1-e1458106072230.png"
"http://prana.co/","Prana Tech |",,
"https://www.percko.com","PERCKO: Vêtements Correcteur de Posture / Anti-Mal de DosSuivez postureÉvitez les gestes à risqueexo_ICONSuivez postureÉvitez les gestes à risqueexo_ICON","Découvrez les vêtements qui vous réapprennent à vous tenir droit. Notre technologie vous invite à vous redresser et vous aidera à réduire vos maux de dos.",
"https://ouraring.com/","Oura Ring: the most accurate sleep and activity tracker","Oura Ring: the most accurate sleep and activity tracker is all about you: it measures the physiological signals of your body, understands your lifestyle, and guides you to make your own optimal daily choices. The ring features scientifically validated sleep tracking and personalized guidance.","https://d1a0efioav7lro.cloudfront.net/wp-content/uploads/2018/10/19180301/Bannerherohome.jpg"
"https://www.indiegogo.com/projects/eversleep-wake-up-refreshed-5-in-1-sleep-tracker-health-technology--2#/","403 Forbidden",,
"http://www.trylive.com/solutions/trylive-eyewear-virtual-mirror/overview","Virtual Try On Solutions for Glasses","TryLive Eyewear acts as a virtual mirror that enables to try-on sunglasses and prescription glasses at home, in-store and on your mobile phone. TryLive Eyewear is easy to configure thanks to an intuitive web interface.","http://www.trylive.com/sites/all/themes/trylive/logo.png"
"https://m.blog.naver.com/711sns/221006724498","[????? ????] 4? ???? ??, '???' ??? ??? ??? ??!","?????, ???~ ??? ?? HOT? ??? ?? ???:) ??? ??, ?????? 31?? ??...","https://blogthumb.pstatic.net/MjAxNzA1MTVfNDIg/MDAxNDk0ODM5Mjk0NTIx.EC8k5tBSIFQ-yMOwgcqgRReQtbkR58uGEAY23UP-Ykog.ZlOQ3mFs9Zo7GGV61avkdFY8T7YWFg3Nk09pS3Ak0MYg.JPEG.711sns/%BD%BA%B8%B6%C6%AE%C6%ED%C0%C7%C1%A1blog_%BD%E6%B3%D7%C0%CF.jpg?type=w2"
"https://selfiepay.co/","selfiepay | more secure payment connections",,
"http://www.mytouchpayments.com/default.aspx","MyTouch - Fingerprint payment solutions","MyTouch gives you the opportunity of linking your fingerprint to your methods of payment in a free and safe process.",
"https://www.ikea.com/ms/en_US/this-is-ikea/ikea-highlights/Virtual-reality/index.html","Virtual Reality - IKEA","It’s when you’ve put the headset on that it happens: your eyes open up to a totally different room from where you know your feet are standing. It’s like stepping into a fairytale - but better! Now you’re able to walk around a real size, make-believe 3D kitchen and interact with objects.","https://www.ikea.com/ms/img/ads/vitality/ikea_highlight/open_graph_img/virtual-reality_og-img.jpg"
"http://www.byar.pt/","byAR Augment Your Reality","Por um mundo mais experiencial e imersivo","http://byar.pt/og-image.jpg"
"http://www.ubimax.com/en/","Ubimax – wear IT at work","Ubimax is the Global Market Leader for Enterprise Wearable Computing and Augmented Reality solutions.",
"https://gizmodo.com/13-fascinating-farming-robots-that-will-feed-our-future-1683489468","13 Fascinating Farming Robots That Will Feed Humans of the Future","Among other predictions, Interstellar offered us some clues about the future of farming. Long story short: It&#39;s all about the robots. From field scouting drones to robotic harvesters, the industry that keeps you fed is becoming totally dominated by autonomous machines. ","https://i.kinja-img.com/gawker-media/image/upload/s--PmmHPj_0--/c_fill,fl_progressive,g_center,h_900,q_80,w_1600/qwimep4soyebvdcee4ke.jpg"
"https://www.softbankrobotics.com/us/pepper","Pepper | Softbank",,
"http://followinspiration.pt/","Follow Inspiration","Follow Inspiration is an innovative technology company which believes in improving people's lives","http://followinspiration.pt/wp-content/themes/followinspiration/img/og-image.jpg"
"https://www.wired.com/2014/08/high-tech-frozen-yogurt-that-comes-in-edible-packaging/#slide-1","High-Tech Frozen Yogurt That Comes in Edible Packaging","An edible packaging technology intended to make plastic-packaging obsolete---or at least optional.","https://media.wired.com/photos/593247379be5e55af6c23ea6/191:100/pass/forzen-yougurt-ft.jpg"
"https://www.cortecvci.com/products/vpci-packaging-products/ecosol-water-soluble-packaging-solution/","EcoSol® Water soluble packaging solution","EcoSol® Water soluble packaging solution  







        



Description: EcoSol® is a water soluble, biodegradable polyvinylalcohol (PVA) film, ideally suited for many packaging applications. Water soluble PVA bags, sachets or pouches created from this film,","https://www.cortecvci.com/wp-content/uploads/cortec.png"
"http://solubag.cl/","SITE UNDER CONSTRUCTION. – We apologize for any inconvenience caused.",,
"https://www.home.barclaycard/media-centre/press-releases/barclaycard-trials-new-queue-less-checkout-payment-concept-grab-go.html","Barclaycard trials new ‘queue-less checkout’ payment concept","Barclaycard has begun trialling a brand new payment concept that streamlines the way consumers buy low-value goods by allowing them to scan and pay for their shopping using their smartphone, without the need to visit a physical checkout.",
"http://en.hanshow.com","Hanshow | Smart Electronic Shelf Labels","Smart Your Business With Our Electronic Shelf Label. The electronic shelf labels (ESL) synchronize the prices and information update in stores.",
"http://www.pricer.com","Homepage - Pricer",,"https://www.pricer.com/wp-content/uploads/2018/09/product-image-0.png"
"https://www.supermeat.com/","SuperMeat",,
"http://www.goldandgreenfoods.com","Home - Gold&Green Global","Gold&Green´s Pulled Oats® is a revolutionary new plant protein food, made of Nordic oats and beans. It's the perfect protein choice for both vegetarians and flexitarians.","https://goldandgreenfoods.com/wp-content/uploads/2017/08/gold-and-green-facebook.jpg"
"http://beyondmeat.com/","Beyond Meat - The Future of Protein™",,
"https://www.vbites.com/product/fish-free-smoked-salmon-slices/","403 Forbidden",,
"https://www.gardein.com/","Delicious Meatless Food & Recipes | Gardein","Gardein If there’s a dinner plate, we want to be on it—all you have to be is hungry! Our food tastes good, is good for you, and is good for the planet.",
"https://realvegancheese.org/","Real Vegan Cheese |",,
"http://goodkarmafoods.com/products/","Products - Good Karma Foods",,"https://goodkarmafoods.com/wp-content/uploads/2013/08/products_header.png"
"https://daiyafoods.com/plant-based-living/#lifestyle","Celebrate Plant-Based Living. So Many Reasons To Feel Better.","No matter what better living means to you, we make it easier to stay true to your healthy ideals. Every Daiya product is plant-based and dairy-free.","https://daiyafoods.com/wp-content/uploads/2016/02/216002_H_DYA_5660-1024x766.jpg"
"http://arc-net.io","Brand Protection and Security through Transparency","arc-net - Brand Protection and Security Through Transparency.",
"http://www.planetorganic.com/follow-your-heart-veganegg-114g/23865/","Follow Your Heart VeganEgg (114g)","VeganEgg is a whole egg replacer that can be used to make scrambled eggs, omelette, quiche, baked goods, practically anything that you would use regular eggs for, while being 100% plant based.","/images/products/medium/23865.jpg"
"https://followyourheart.com/products/","Products | Follow Your Heart®","Learn more about Vegenaise, our Vegan Cheeses, Vegan Salad Dressings, VeganEgg, and other plant-based alternatives","https://followyourheart.com/wp-content/plugins/all-in-one-seo-pack/images/default-user-image.png"
"https://entocube.com/en/","EntoCube – EntoCube – cricket farming technologyEntoCube – EntoCube – cricket farming technology",,
"https://www.power-blox.com/","Power-Blox AG | Energie Systeme | Unternehmen ","Power-Blox AG ist ein preisgekröntes Schweizer Unternehmen, das intelligente Solarenergielösungen für Off-Grid und On-Grid Anforderungen entwickelt und vertreibt.",
"http://www.stem.com/","Stem | AI-Powered Energy Storage and Virtual Power Plants","Stem pairs artificial intelligence with battery storage to help organizations and utilities optimize the timing of energy use. AI-powered energy storage allows facilities to automate energy cost savings, participate in demand response without disruption, and support a reliable, sustainable grid.",
"http://www.physee.eu/","Physee - Home","The future-proof glass facade for next generation sustainable buildings.
SmartSkin can autonomously power, sense and regulate your building’s climate. It intelligently creates a comfortable and sustainable environment tailored to you.
It starts with a PHYSEEbility Check and ends with an energy neutral building.
","https://wp.physee.eu/wp-content/uploads/2018/08/Home-e1534845282140.jpg"
"https://water.xprize.org/","Water Abundance XPRIZE)","The $1.75 million Water Abundance XPRIZE, powered by the Tata Group and Australia’s Aid Program, challenges teams to alleviate the global water crisis with energy-efficient technologies that harvest fresh water from thin air.","https://assets-us-01.kc-usercontent.com:443/5cb25086-82d2-4c89-94f0-8450813a0fd3/4ab8a89e-ce98-41ae-a7a0-c393be7ec5d5/waxp_logo2.png"
"http://www.warkawater.org/","Warka Water – Every Drop Counts",,
"http://www.kelvinretail.com/","Kelvin Retail","Kelvin Retail es un servicio que te ofrece información de valor sobre la actividad de tu comercio, y que te permitirá tomar decisiones basadas en los datos del día a día de tu negocio.",
"https://soprism.com/","SoPRISM",,
"https://www.kickstarter.com/projects/2029950924/holovect-holographic-vector-display/description","Holovect: Holographic Vector Display","World's first desktop holographic display.  It draws objects in air with light.","https://ksr-ugc.imgix.net/assets/013/972/968/057323913084762a3afa3a03c45f77c5_original.png?ixlib=rb-1.1.0&crop=faces&w=1552&h=873&fit=crop&v=1476320938&auto=format&frame=1&q=92&s=ee48f6bba88ef1ac908c98a0f6fa1c21"
"https://www.engadget.com/2016/09/28/volume-is-a-1-000-holographic-display-for-your-home/","Volume is a $1,000 holographic display for your home","Who's going to buy it? We're not sure.","https://o.aolcdn.com/images/dims?thumbnail=1200%2C630&quality=80&image_uri=https%3A%2F%2Fs.aolcdn.com%2Fhss%2Fstorage%2Fmidas%2F9a6483eeb370c43c1e1cb78dca791f17%2F204386060%2FDSC00562-ed.jpg&client=amp-blogside-v2&signature=7054c3ccc717f6e07a88bc0831f6d25df21e3b05"
"http://www.nanocotechnologies.com/what-we-do/applications/lighting","Lighting | Nanoco Technologies","Introduction to Nanoco’s CFQD® quantum dots technology in lighting applications  Nanoco’s CFQD® quantum dots enable tuneable, high-efficiency lighting",
"http://www.innoscentia.com/","Innoscentia – Expiry Sensor for Food",,
"https://www.sigfox.com/","Sigfox - The Global Communications Service Provider for the Internet of Things (IoT)","Imagine a world where Things can communicate with us. The internet of things will transform our lives in the next 25 years. Driven by simplicity we unlock the power of the IoT and give life to the physical world",
"https://www.telecom.pt/pt-pt/media/noticias/paginas/2018/novembro/narrowband-iot-.aspx","Altice Portugal","Somos líderes em inovação e no desenvolvimento das telecomunicações, sistemas e tecnologias de informação. Continuamos mais perto do que é importante.","https://www.telecom.pt/SiteCollectionImages/img-fb.png"
"https://www.vodafone.com/business/iot/managed-iot-connectivity/nb-iot","Narrowband-IoT (NB-IoT)","Narrowband-IoT (NB-IoT) is a new technology standard, designed to broaden the future of IoT connectivity. Learn more.","https://www.vodafone.com/business/media/image/1508862782875/651386824-og_1200x630.jpg"
"https://www.thetrackr.com/","Find more. Search less. | TrackR","Attach TrackR to keys, wallets and more. When an item goes missing, just tap the TrackR app to make your Bluetooth tracker ring loudly.","https://www.thetrackr.com/wp-content/uploads/2017/12/How-it-works-meta.jpg"
"https://www.mimobaby.com/","mimo","Mimo Baby Sleep & Activity Trackers keep parents connected to their little ones - and each other - in ways they never thought possible.",
"https://eyesee-drone.com/?lang=en","Eyesee, a drone inventory solution for warehouses","Eyesee, an autonomous drone inventory solution published by Hardis Group, software publisher, IT solutions and a logistics' expert.",
"http://www.dronescan.co/","400 Bad Request",,
"https://www.tarent.de/en/product/snabble-self-scanning/","snabble Self-Scanning » tarent","snabble offers your customers a new shopping experience. This is possible due to smartphone technological advancements in self-scanning...","https://www.tarent.de/wp-content/uploads/snabble_teaser.jpg"
"https://www.pensasystems.com/","Pensa Systems | Autonomous Perception for Retail Inventory Visibility","Learn how Pensa's breakthrough retail inventory visibility solution helps brands and retailers minimize stockouts & optimize product planning and compliance",
"https://estimote.com/","Estimote","Estimote — real world context for your apps.","http://estimote.com/assets/gfx/temp/estimote-logo-meta.jpg"
"https://kontakt.io/","Simplifying Enterprise IoT - Kontakt.io","Kontakt.io reduces the overall complexity and costs related to deploying a location-based solution, making IoT as easy as consumer technologies.","https://webpage-cdn.kontakt.io/uploads/2018/09/17215005/location.png"
"http://connect-robotics.com/","Connect Robotics: Drone Delivery Operator","Drone Delivery Service by Connect Robotics","https://connect-robotics.com/connect_robotics_website.png"
"http://mode.ai/#/menu","Mode.AI",,
"https://www.sensitile.com/","Sensitile","Unique and groundbreaking, Sensitile Systems is an internationally-recognized, award-winning manufacturer of a wide range of architectural and design products that appear in landmark projects worldwide.",
"http://edition.cnn.com/2015/05/14/tech/bioconcrete-delft-jonkers/index.html","The 'living concrete' that can heal itself - CNN",,"https://cdn.cnn.com/cnnnext/dam/assets/150514135740-healing-concrete-tease-super-169.jpg"
"https://www.pilkington.com/en-gb/uk/householders/types-of-glass/energy-efficient-glass/low-emissivity-glass","Low-emissivity Glass","Low-emissivity Glass","?w=1200"
"http://www.naturalbluethermal.com/","Home « Natural Blue Thermal","Sustainable Thermal Packaging",
"https://wiivv.com/","Forbidden",,
"https://repreve.com/","REPREVE® | Sustainable. Certifiable. Recycled. High-quality performance fiber.","REPREVE® is the trusted, branded recycled performance fiber, used to make sustainable textiles with wicking, odor control, water resistance, and more.","https://repreve.com/static/images/fbpreview.png"
"http://www.econyl.com/","Econyl","Recycling and further! We regenerate NYLON waste into yarn for brand new products. It is the ECONYL® brand. 100% regeneration, 100% performance","https://s0.wp.com/i/blank.jpg"
"http://smartflowersolar.com/","The world’s smartest solar solution | smartflower","With smartflower, you get a beautifully designed, easy-to-setup solar solution fully integrated with smart features for nearly effortless ownership.","http://smartflowersolar.com/app/uploads/2017/01/background-bubble-smartflower.jpg"
"http://www.greenjournal.co.uk/2015/07/transparent-solar-panels-2/",,,
"https://www.curbed.com/2017/6/19/15828644/solar-paint-renewable-energy-rmit-university","Breakthrough ‘solar paint’ turns walls into endless energy source","Researchers may have created the ultimate hidden energy harvester: a paint that harnesses sun and the moisture in the air to produce hydrogen.","https://cdn.vox-cdn.com/thumbor/B5J4Vqb4Y8D1bGt1Nn6mytUpvcQ=/0x308:5008x3125/1600x900/cdn.vox-cdn.com/uploads/chorus_image/image/55327195/shutterstock_513242902.0.jpg"
"http://www.channelnewsasia.com/news/singapore/nus-scientists-roll-out-diabetic-friendly-bread-8184586",,,
"https://www.nanowerk.com/news/newsid=1441.php","Are you ready for your nanotechnology engineered wine?","Are you ready for your programmable wine - maybe a pico-pinot or a nano-nebbiolo?",
"https://observador.pt/2018/07/29/bolas-de-berlim-de-spirulina-sao-novidade-nas-praias-algarvias-este-verao/","Bolas de Berlim de spirulina são novidade nas praias algarvias este verão","""Queríamos procurar um produto que fosse mais saudável e em conjugação com uma marca de farinhas pedimos que ajustassem um produto feito à b...","https://wm.observador.pt/wm/obs/l/https%3A%2F%2Fbordalo.observador.pt%2F770x403%2Cq80%2Fhttps%3A%2F%2Fs3.observador.pt%2Fwp-content%2Fuploads%2F2018%2F07%2F29100148%2F24573337_770x433_acf_cropped.jpg"
"https://finance.yahoo.com/news/ge-adopt-vr-technology-htm-220610798.html?.tsrc=applewf&guccounter=1","GE to Adopt VR Technology for HTM Professionals' Training","General Electric's (GE) Healthcare business is set to introduce interactive, customizable training options enabled by the Virtual Reality technology for HTM professionals.","https://s.yimg.com/uu/api/res/1.2/sqgIPUTIDPqPLFo_6LmnDA--~B/aD00MjM7dz02MzU7c209MTthcHBpZD15dGFjaHlvbg--/http://media.zenfs.com/en-US/homerun/zacks.com/b369e357aa3d42cc28ac674490d4ae83"
"https://www.getquip.com/","quip | Perfect Oral Care. Delivered","we design and deliver simple ways to keep your mouth healthy.","https://s3.amazonaws.com/quip-nyc/icons/REFERRAL_image.jpg"
"https://www.clarifruit.com/","ClariFruit | Know Your Fruit | Fruits Quality",,"https://static.wixstatic.com/media/b77c24_c33368feb70d486695be3f827b112e2e%7Emv2_d_3264_2448_s_4_2.jpg/v1/fit/w_2500,h_1330,al_c/b77c24_c33368feb70d486695be3f827b112e2e%7Emv2_d_3264_2448_s_4_2.jpg"
"https://ovie.life/","400 Bad Request",,
"http://portugalbugs.pt/","Portugal Bugs - Soluções alimentares sustentáveis com insetos","A Portugal Bugs pretende contribuir para o futuro da alimentação humana ao criar produtos alimentares com incorporação de insetos contribuindo assim com uma fonte proteica alternativa, altamente nutritiva e sustentável.",
"https://www.kencko.com/","Forbidden",,
"http://www.tradearabia.com/news/OGN_348371.html","Your step generates energy","Abu Dhabi International Airport has officially announced the launch of an interactive walkway which converts the footsteps of travellers into off-grid electricity and data. ",
"https://www.theverge.com/2019/1/15/18167388/nike-self-lacing-shoes-adapt-bb-smart-bluetooth-app-features-battery-life-price-release-date","Hands-on with Nike’s self-lacing, app-controlled sneaker of the future","Say hello to Adapt BB.","https://cdn.vox-cdn.com/thumbor/skPxLpNt_jlTC3FGfM5DQX1kSko=/0x292:2040x1360/fit-in/1200x630/cdn.vox-cdn.com/uploads/chorus_asset/file/13681416/fshivakumar_181109_3078_0001.jpg"
"https://meetzipongo.com","Corporate Nutrition Programs - Manage Nutrition with Zipongo","Take the guesswork out of corporate nutrition. Get personalized, healthy eating recommendations based on biometrics, preferences and dietary needs.","https://meetzipongo.com/wp-content/uploads/2016/04/frontimage-1024x542.png"
"https://www.kickstarter.com/projects/1366585536/moon-cycle-bakery-hormone-balancing-treats?utm_campaign=Innovation%20of%20the%20Day%20&utm_source=hs_email&utm_medium=email&utm_content=60096638&_hsenc=p2ANqtz--SrtwWJLUnfO3n-eYI3Ex9kh0lcHT3Ib7wZ9M_mIWwFdDlakwf0BcavpNS9P-iH3UBIb1hfF1JT9AiL3oIAX3mO2fnfA&_hsmi=60111980","Moon Cycle Bakery: Hormone Balancing Treats","The first hormone balancing, nutrient-dense sweet treat delivery service empowering women to redefine their time of the month.","https://ksr-ugc.imgix.net/assets/016/337/118/b5f5985d7dd7a8c41bbeea89e1c5a948_original.jpg?ixlib=rb-1.1.0&crop=faces&w=1552&h=873&fit=crop&v=1506439068&auto=format&frame=1&q=92&s=d10cfe5ba7f80cd705659a8df4c952e2"
"https://amp.fastcompany.com/40517697/evian-will-make-all-its-water-bottles-out-of-100-recycled-plastic","Evian Will Make All Its Water Bottles Out Of 100% Recycled Plastic",,
"https://magg.pt/2018/02/18/kombucha-a-bebida-chinesa-que-faz-bem-a-tudo/","Kombucha. A bebida chinesa que faz bem a tudo e vai ser tendência em 2018",,"https://wm.observador.pt/wm/magg/l/https%3A%2F%2Fbordalo.observador.pt%2F770x403%2Cq80%2Fhttps%3A%2F%2Fs3.observador.pt%2Fwp-content%2Fuploads%2Fsites%2F7%2F2018%2F02%2F15120651%2Fkombucha-e1518624242117_770x433_acf_cropped-1.jpg"
"https://www.lavanguardia.com/comer/20180417/442653502810/carrefour-insectos.html","Carrefour se lanza a la venta de insectos cocinados","Carrefour ha empezado a comercializar en España una nueva gama de alimentos elaborados con insectos, según ha anunciado este martes el grupo de distribución, que ha resaltado que este lanzamiento...","https://www.lavanguardia.com/r/GODO/LV/p5/WebSite/2018/04/17/Recortada/img_djuarez_20180417-135845_imagenes_lv_otras_fuentes_inseccctos-367-kg4D-U4426535028105VB-992x558@LaVanguardia-Web.JPG"
"https://www.youtube.com/watch?v=4DKrcpa8Z_E","Inside A Warehouse Where Thousands Of Robots Pack Groceries","Ocado's new warehouse has thousands of robots zooming around a grid system to pack groceries. The thousands of robots can process 65,000 orders every week. T...","https://i.ytimg.com/vi/4DKrcpa8Z_E/maxresdefault.jpg"
"https://www.spoon.guru/usa/","Spoon Guru - Spoon Guru",,"https://www.spoon.guru/wp-content/uploads/2019/01/Sppon-Guru-Logo.jpg"
"https://www.vegware.com/#","Eco Friendly Packaging & Catering Disposables | Vegware","Our range of eco friendly packaging and catering disposables are environmentally safe and always completely compostable. See Our Range Instore!",
"https://www.fastcompany.com/90308307/gig-economy-platform-thumbtack-is-helping-its-users-get-benefits","Gig economy platform Thumbtack is helping its users get benefits","Through a partnership with the National Domestic Workers Alliance, which developed a portable benefits platform for home cleaners last year, Thumbtack will help thousands get access to paid time off and disability leave.
","https://images.fastcompany.net/image/upload/w_1280,f_auto,q_auto,fl_lossy/wp-cms/uploads/2019/02/p-1-90308307-thumbtack-wants-gig-economy-cleaners-to-get-benefits.jpg"
"https://hbr.org/2018/03/why-you-should-rotate-office-seating-assignments","Why You Should Make Your Team Switch Seats","It really does improve innovation.","https://hbr.org/resources/images/article_assets/2018/02/F1802A_LIAO.jpg"
"https://www.givelegacy.com","400 Bad Request",,
"http://www.planetbiometrics.com/article-details/i/9977/desc/caixabank-reveals-face-recognition-atms/","CaixaBank reveals face recognition ATMs | Planet Biometrics News","Article Details",
"https://books.google.pt/books?id=PdsQDAAAQBAJ&lpg=PA110&ots=V69XVRqTLY&dq=SUPERMARKET%20MULTICULTURAL%20CITIES&pg=PA109#v=onepage&q&f=false","Multicultural Cities","What defines a multicultural city? Policy? Geography? Demography? In Multicultural Cities, Mohammad Abdul Qadeer offers a tour of three of North America's premier multicultural metropolises - Toronto, New York, and Los Angeles - that demonstrates the critical qualities that make these cities multicultural. Guided by the perspective that multiculturalism is the combination of cultural diversity with a common ground of values and institutions, Qadeer examines the social geography, economy, and everyday life of each metropolitan area. His analysis spans the divide between Canada, where multiculturalism is official government policy, and the United States, where it is not. A comprehensive investigation of how some of today's leading majority-minority cities thrive, written by a keen observer of North American urban life, Multicultural Cities is an important complement to any discussion about how cities can and should accommodate diversity.","https://books.google.pt/books/content?id=PdsQDAAAQBAJ&printsec=frontcover&img=1&zoom=1&edge=curl&imgtk=AFLRE70Rrik2Crxgan3dokPI9lx24p0vhBP7NDk0MwbZ2sMjKkD5wlJ4PhDhmHmFOxwcg-utsgiE6X_4BJQG2q6PJotBQZuVBdgPPI3LwHuLCJeTQDQ0KyslKifzg9kwQy6cBefQXCFb"
"https://www.forbes.com/sites/laurenhallanan/2018/10/24/i-shopped-at-hema-with-locals-heres-what-new-retail-was-really-like/","Shopping At Hema With Locals: Here's What 'New Retail' Was Really Like","Hema’s Offline Store is Completely Underwhelming. But their Online Store Isn’t. Here’s why.","https://thumbor.forbes.com/thumbor/600x315/https%3A%2F%2Fspecials-images.forbesimg.com%2Fdam%2Fimageserve%2F41557724%2F960x0.jpg%3Ffit%3Dscale"
"https://impossiblefoods.com/food/","Impossible Foods","The Impossible™ is here. Love meat? Meet meat. Made from plants, for the planet and your tastebuds.","https://res.cloudinary.com/matter-supply-co/image/upload/v1532611957/IMG_7679.jpg"
"https://www.youtube.com/watch?v=KTAg936uoic","Shrimp made from algae that looks and tastes like the real thing","Shrimp, the United States’ most popular seafood, is notorious for being farmed using practices that destroy the environment. New Wave Foods, a startup based ...","https://i.ytimg.com/vi/KTAg936uoic/maxresdefault.jpg"
"https://sociable.co/technology/can-a-robot-write-a-symphony-the-blossoming-artistic-talent-of-modern-day-ai/","""Can a robot write a symphony?"" - The blossoming artistic talent of modern day AI","Over the past four years, AI has made incredible breakthroughs across many industries and areas. The greatest evidence of its advancement can be seen in AI’s ability to generate fake human faces, which has come a long way in such a short space of time. According to The Verge, the rough black-and-white faces on the left …","https://sociable.co/wp-content/uploads/2018/12/robot-3010309_1280.jpg"
"https://www.theguardian.com/lifeandstyle/2018/may/19/fake-steak-supermarkets-flexitarians-meat-free-burgers","Vegan burgers: now juicy, pink and bloody","Supermarkets stock up as millions of UK ‘flexitarians’ boost demand for fake meat","https://i.guim.co.uk/img/media/8ddf32674804687776dded7720189f1da7930ddc/394_639_6139_3683/master/6139.jpg?width=1200&height=630&quality=85&auto=format&fit=crop&overlay-align=bottom%2Cleft&overlay-width=100p&overlay-base64=L2ltZy9zdGF0aWMvb3ZlcmxheXMvdG8tZGVmYXVsdC5wbmc&s=c6cc4816b4463a8825874516c472fc19"
"https://motherboard.vice.com/en_us/article/gydgvj/americans-cut-the-cord-2030-study-cable-tv","40 Percent of America Will Cut the Cord by 2030, New Report Predicts","A new market analysis predicts the slow death march of pay TV will continue.","https://video-images.vice.com/articles/5a26b6768ecf12327f09a6c4/lede/1512486675251-654969855_1280x720.jpeg?crop=1xw:1xh;center,center&resize=1200:*"
"https://www.cnbc.com/2018/06/08/inside-mcdonalds-new-250-million-headquarters.html","McDonald's opens new $250 million headquarters. Here's what it looks like inside","McDonald's new headquarters is part of the Golden Arches' push to become a ""more modern and progressive burger company,"" a long-standing goal of CEO Steve Easterbrook.","https://fm.cnbc.com/applications/cnbc.com/resources/img/editorial/2018/06/07/105257238-lobby_Cropped.1910x1000.jpg"
"http://www.asahi.com/ajw/articles/AJ201806120064.html","Sharp’s smart cat litter tray detects feline health problems?The Asahi Shimbun","Sharp Corp. has developed a smart toilet for cats that analyzes their urine, detects health problems","http://www.asahicom.jp/ajw/articles/images/AS20180612004263_comm.jpg"
"https://www.reuters.com/article/us-volkswagen-emissions-combustion/volkswagen-says-last-generation-of-combustion-engines-to-be-launched-in-2026-idUSKBN1O32O6","Volkswagen says last generation of combustion engines to be...","Volkswagen's strategy chief said on Tuesday the German carmaker's core...","https://s1.reutersmedia.net/resources/r/?m=02&d=20181204&t=2&i=1331725531&w=1200&r=LYNXMPEEB31N2"
"https://qz.com/1486377/global-shipper-maersk-says-it-will-eliminate-fossil-fuels-by-2050/","The globe's biggest maritime shipping company is abandoning fossil fuels","The move will require new innovations to more cleanly fuel the ships that transport about 90% of internationally-traded goods.","https://cms.qz.com/wp-content/uploads/2014/04/ap0208280982.jpg?quality=75&strip=all&w=1400"
"https://www.eatsa.com/","400 Bad Request",,
"https://techcrunch.com/2018/07/11/olio/","Olio, the app that lets you share unwanted food items with your neighbours, picks up £6M Series A","Olio, the hyperlocal food sharing app that wants to help tackle the world’s food waste epidemic, has picked up $6 million in Series A funding. The U.K. startup offers a location-based app and website that lets you list and post a photo of unwanted food items to be shared with other people in …","https://techcrunch.com/wp-content/uploads/2018/07/TessaCook-SaashaCelestialOne-CoFounders-OLIO-credit-AnnabelStaff_0601.jpg?w=599"
"https://www2.deloitte.com/insights/us/en/topics/talent/deloitte-millennial-survey.html","Insights from the 2018 Deloitte Millennial Survey","?For younger workers, the gap is widening between what responsible companies should achieve and what businesses' actual priorities are. The good news, according to the 2018 Deloitte Millennial Survey: Business leaders have an opportunity to turn things around—and win back millennials' loyalty.","https://www2.deloitte.com/content/dam/insights/us/articles/4665_2018-Millennial-survey/images/4556_banner.jpg/jcr:content/renditions/cq5dam.web.700.700.jpeg"
"https://www.entrepreneur.com/article/315325","Workplace Flexibility Can Impact How You Attract, Hire, And Retain Talent","In the work environment, flexibility means affording employees the opportunity to make their own choices as to when, where, and how they engage in work related projects and tasks.","https://assets.entrepreneur.com/content/3x2/2000/20180619075729-shutterstock-448317910.jpeg"
"https://www.fastcompany.com/90311622/etsy-just-became-the-first-global-ecommerce-company-to-offset-all-of-its-shipping-emissions","Etsy just became the first global e-commerce company to offset all of its shipping emissions","Ninety-eight percent of the company’s footprint comes from sending packages.
","https://images.fastcompany.net/image/upload/w_1280,f_auto,q_auto,fl_lossy/wp-cms/uploads/2019/02/p-1-90311622-etsy-just-became-the-first-global-ecommerce-company-to-offset-all-of-its-shipping-emissions.jpg"
"https://www.forbes.com/sites/kaytiezimmerman/2018/05/02/this-company-is-letting-its-employees-choose-their-rewards/#7d78a7946484","This Company Is Letting Its Employees Choose Their Rewards","Most companies lay out a standard benefits package for all of their employees, but maybe they should be thinking twice about allowing employees more choice in the matter. One company is setting the bar high when it comes to personalized perks.","https://thumbor.forbes.com/thumbor/600x315/https%3A%2F%2Fblogs-images.forbes.com%2Fkaytiezimmerman%2Ffiles%2F2018%2F04%2FScreen-Shot-2018-04-29-at-8.42.11-PM-1200x845.jpg"
"https://www.meatfreemondays.com/","Home - Meat Free Monday","Meat Free Monday - One day a week can make a world of difference",
"https://www.foodlogiq.com/","FoodLogiQ: Food Safety, Traceability and Sustainability","FoodLogiQ offers Software as a Service solutions to connect the world's food supply chain, promoting food safety through traceability and sustainability.",
"https://www.foodethicscouncil.org/resources/ethicaltools/what-is-food-ethics.html","Food Ethics Council - What is food ethics?"," Food ethics is at the heart of everything our organisation does, but what does it mean?  Food Ethics Council member Richard Norman, Emeritus Professor of Moral Philosophy at the University of Kent, explores this question, and looks at how food ethics is relevant to us all. ",
"https://youtu.be/nfK29VANu_0","Food as Medicine: Preventing and Treating Disease with Diet - Dr. Michael Greger","------ Recorded at VegMed 2016 / Aufgenommen beim VegMed 2016 © VegMed - http://www.vegmed.org / http://www.vegmed.de","https://i.ytimg.com/vi/nfK29VANu_0/maxresdefault.jpg"